Abdul Samad,2020,Abdul_Samad.jpgAidan Trees,2017,Aidan_Trees.jpgAlec Fazio,2017,Alec_Fazio.jpgAndrea Rice,2020,Andrea_Rice.jpgAndrew Cioffi,2018,Andrew_Cioffi.jpgAnthony Calabrese,2017,Anthony_Calabrese.jpgArjol Pengu,2019,Arjol_Pengu.jpgAshley Hughes,2020,Ashley_Huges.jpgAustin Crisafulli,2019,Austin_Crisafulli.jpgAva Killmer,2020,Ava_Killmer.jpgBenjamin Costello,2018,Benjamin_Costello.jpgBradley Ricciardiello,2020,Bradley_Ricciardiello.jpgBrendan Barker,2020,Brendan_Barker.jpgBrendan Kish,2017,Brendan_Kish.jpgBrian Smith,2018,Brian_Smith.jpgBrianna Davis,2020,Brianna_Davis.jpgBrittnei McFadden,2020,Brittnei_McFadden.jpgBrooke Hossley,2020,Brooke_Hossley.jpgCaleb Ryor,2019,Caleb_Ryor.jpgCatherine Sullivan,2017,Catherine_Sullivan.pngChris McCoy,2018,Chris_McCoy.jpgChristopher Fall,2019,Christopher_Fall.jpgClarice Tarbay,2019,Clarice_Tarbay.jpgConor Fallon,2019,Conor_Fallon.jpgDanny Li,2017,Danny_Li.jpgDevante Saenger,2020,Devante_Saenger.jpgEdwin Svraka,2018,Edwin_Svraka.jpgElena Covill,2017,Elena_Covill.jpgEllen Harvey,2020,Ellen_Harvey.jpgEmmanuel Rosario,2018,Emmanuel_Rosario.jpgFelicia Bassey,2017,Felicia_Bassey.jpgFirmin Alexander,2017,Firmin_Alexander.jpgGrace Slavin,2020,Grace_Slavin.jpgGrant Boughton,2019,Grant_Boughton.jpgHamza Memon,2018,Hamza_Memon.jpgHieu Le,2020,Hieu_Le.jpgJake Holt,2020,Jake_Holt.jpgJavier Rodrigez,2020,Javier_Rodrigez.jpgJennifer_Hogan,2017,Jennifer_Hogan.jpgJessica Leary,2018,Jessica_Leary.pngJhoan Esteban Osorno,2017,Jhoan_Osorno.jpgJoe Barrows,2017,John Lamb,2019,John_Lamb.jpgJohn Rocha,2018,John_Rocha.jpgJonathan Pratico,2019,Jonathan_Pratico.jpgJordan Cartwright,2018,Jordan_Cartwright.jpgJose Melendez,2018,Jose_Melendez.jpgJosh DelSignore,2020,Josh_DelSignore.jpgJustyn McHarg,2020,Justyn_McHarg.jpgKenney Alexander,2017,Kevin Danaher,2017,Kevin_Danaher.jpgKoushik Pernati,2017,Koushik_Pernati.jpgKristian Ramsamooj,2020,Kristian_Ramsamooj.jpgLeopold Dohmann,2019,Leopold_Dohmann.jpgLogan Brandt,2020,Logan_Brandt.jpgLogan Swierzowki,2020,Logan_Swierzowki.jpgLondon Brunell,2019,London_Brunell.jpgLuis Concepcion-Bido,2019,Luis_Concepcion-Bido.jpgLuis Villa,2020,Luis_Villa.jpgM.D. Dipto,2020,M.D._Dipto.jpgMartin McBride,2019,Martin_McBride.jpgMatthew Pampolina,2018,Matthew_Pampolina.jpgMatthew Pigliavento,2019,Matthew_Pigliavento.jpgMike Ippolito,2017,Morgan Mintzer,2017,Morgan_Mintzer.pngMusa Konteh,2020,Musa_Konteh.jpgNeil Devine,2017,Neil_Devine.jpgNia Paley,2019,Nia_Paley.jpgNicholas Marotta,2018,Nicholas_Marotta.jpgNick Tudino,2017,Nick_Tudino.jpgNoah Winters,2020,Noah_Winters.jpgPatrick Milano,2017,Patrick_Milano.jpgReid Slingerland,2017,Reid_Slingerland.pngRob Morvillo,2019,Rob_Morvillo.jpgRobert Bebber,2018,Robert_Bebber.jpgRyan Kot,2020,Ryan_Kot.jpgRyan Weyna,2017,Sam Ryan,2020,Sam_Ryan.jpgSara Lopez,2019,Sara_Lopez.jpgSean Dufort,2018,Sean_Dufort.jpgSean Lennon,2020,Sean_Lennon.jpgSean O'Connor,2019,Sean_OConnor.jpgSean Walsh,2017,Serene Medina,2018,Serene_Medina.pngTesfa Tesfaye,2020,Tesfa_Tesfaye.jpgTess Svoboda,2017,Thomas Walsh,2017,Thomas_Walsh.jpgTim Cronin,2019,Tim_Cronin.jpgTyler Gorman,2020,Tyler_Gorman.jpgUros Antic,2017,Wateek Jones,2017,Zachary Ballard,2020,Zachary_Ballard.jpg